<?xml version="1.0" encoding="UTF-8" ?>

<?author name="Patrik Knakal" e-mail="Patrik.Knakal@Sun.COM" ?>

<!-- script for JavaHelp/JavaTest testing process -->
<!-- designed for 'optck-jh-2.0' JavaHelp/JavaTest workspace -->

<project name="Automated JavaHelp/JavaTest testing process ... multiJVM" default="multiJVM" basedir=".">	<!-- ======================================================================= -->
	<!-- you can modify those properties ... if you want -->
		<property name="destdir_multiJVM" value="${destdir}/multiJVM" />
		<property name="destdir_workDir"  value="${destdir_multiJVM}/workDir" />
                <property name="destdir_report"   value="${destdir_multiJVM}/report" />
        <!-- you can modify those properties -->

	<!-- you can modify those properties ... if necessary -->
                <property name="java_ref" value="${jvmdir_ref}/bin/java" />
                <property name="java"     value="${jvmdir}/bin/java" />
	<!-- you can modify those properties -->
        <!-- ======================================================================= -->


	<!-- ================================================================================================================================================================================= -->
	<!-- run tests in different JVM as JavaTest is and necessary path-strings conversion ... start -->
	<target name="multiJVM" depends="init">
                <convert includes="java_ref ; classpath_javatest ; testsuite ; exclude ; envFile ; destdir_report ; destdir_workDir ; testClassPath ; HS_LOC ; java" />

                <!-- if you don't want commented setting, please comment this line ... start -->
                <antcall target="info" />
                <!-- if you don't want commented setting, please comment this line ... end -->

        	<echo message="Starting JavaTest ... multiJVM" />
                <echo message="This may take a while. To monitor the progress, execute the command" />
                <echo message="          tail -f ${destdir_report}/harness.trace" />
                <echo message="in a separate shell ... UNIX only ;-)" />

		<!-- -->
		<exec dir="${basedir}" executable="${java_ref}">
                	<arg line="-verify -Xms32m -Xmx128m -Djava=${java} -Dshellenv=${shellenv} -DHS_LOC=${HS_LOC} -DtestClassPath=${testClassPath} -cp ${classpath_javatest} ${main_javatest_class} -params -testSuite ${testsuite} -exclude ${exclude} -envFile ${envFile} -env ${env} -report ${destdir_report} -workDir ${destdir_workDir}" />
                </exec>
                <!-- -->

		<!--
                <java jvm="${java_ref}" classpath="${classpath_javatest}" fork="yes" classname="${main_javatest_class}">
                	<arg line="-params -testSuite ${testsuite} -exclude ${exclude} -envFile ${envFile} -env ${env} -report ${destdir_report} -workDir ${destdir_workDir}" />
                        <sysproperty key="precompileClassDir"  value="${precompileClassDir}" />
                        <sysproperty key="precompileClassPath" value="${precompileClassPath}" />
                        <jvmarg value="-verify" />
                        <jvmarg value="-Xms32m" />
                        <jvmarg value="-Xmx128m" />
                        <sysproperty key="HS_LOC"    value="${HS_LOC}" />
                        <sysproperty key="shellenv"  value="${shellenv}" />
                        <sysproperty key="java"      value="${java}" />
                </java>
                -->
        </target>
        <!-- run tests in different JVM as JavaTest is and necessary path-strings conversion ... end -->
        <!-- ================================================================================================================================================================================= -->


	<!-- ================================================================== -->
	<!-- create necessary dirs structure and copy necessary files ... start -->
        <target name="init">
        	<mkdir dir="${destdir_report}" />
		<mkdir dir="${destdir_workDir}" />
        </target>
        <!-- create necessary dirs structure and copy necessary files ... end -->
        <!-- ================================================================== -->


	<!-- =============================================================== -->
	<!-- display setting information ... start -->
	<target name="info">
        	<echo message="Inherited settings" />
                <echo message="~~~~~~~~~~~~~~~~~~" />
                <echo message="destdir             == ${destdir}" />
                <echo message="jvmdir              == ${jvmdir}" />
                <echo message="jvmdir_ref          == ${jvmdir_ref}" />
                <echo message="testsuite           == ${testsuite}" />
                <echo message="exclude             == ${exclude}" />
                <echo message="envFile             == ${envFile}" />
                <echo message="env                 == ${env}" />
		<echo message="classpath_javatest  == ${classpath_javatest}" />
                <echo message="testClassPath       == ${testClassPath}" />
                <echo message="main_javatest_class == ${main_javatest_class}" />
                <echo message="HS_LOC              == ${HS_LOC}" />
                <echo message="shellenv            == ${shellenv}" />
		<echo/>
                <echo message="Built settings" />
                <echo message="~~~~~~~~~~~~~~" />
                <echo message="java             == ${java}" />
                <echo message="java_ref         == ${java_ref}" />
                <echo message="destdir_multiJVM == ${destdir_multiJVM}" />
                <echo message="destdir_report   == ${destdir_report}" />
                <echo message="destdir_workDir  == ${destdir_workDir}" />
		<echo/>
	</target>
        <!-- display setting information ... end -->
        <!-- =============================================================== -->

</project>
