<?xml version="1.0" encoding="UTF-8" ?>

<?author name="Patrik Knakal" e-mail="Patrik.Knakal@Sun.COM" ?>

<!-- script for JavaHelp/JavaTest testing process -->
<!-- designed for 'optck-jh-2.0' JavaHelp/JavaTest workspace -->

<project name="Automated JavaHelp/JavaTest testing process ... precompile" default="precompile" basedir=".">

	<!-- =========================================================================== -->
	<!-- you can modify those properties ... if you want -->
        	<property name="destdir_precompile" value="${destdir}/precompile" />
                <property name="destdir_workDir"    value="${destdir_precompile}/workDir" />
                <property name="destdir_report"     value="${destdir_precompile}/report" />
        <!-- you can modify those properties -->

	<!-- you can modify those properties ... if necessary -->
                <property name="java"  value="${jvmdir_ref}/bin/java" />
                <property name="javac" value="${jvmdir_ref}/bin/javac" />
                <property name="rmic"  value="${jvmdir_ref}/bin/rmic" />
	<!-- you can modify those properties -->
        <!-- =========================================================================== -->


	<!-- ============================================================================================================================================================================ -->
	<!-- precompilation test and necessary path-strings conversion ... start -->
	<target name="precompile" depends="init">
        	<convert includes="java ; classpath_javatest ; testsuite ; exclude ; envFile ; destdir_report ; destdir_workDir ; precompileClassDir ; precompileClassPath ; javac ; rmic" />

		<!-- if you don't want commented setting, please comment this line ... start -->
                <!-- antcall target="info" /-->
                <!-- if you don't want commented setting, please comment this line ... end -->

		<echo message="Starting JavaTest ... precompiling" />
                <echo message="This may take a while. To monitor the progress, execute the command" />
                <echo message="          tail -f ${destdir_report}/harness.trace" />
                <echo message="in a separate shell ... UNIX only ;-)" />

                <java jvm="${java}" classpath="${classpath_javatest}" fork="yes" classname="${main_javatest_class}">
                	<arg line="-params -testSuite ${testsuite} -exclude ${exclude} -envFile ${envFile} -env ${env} -report ${destdir_report} -workDir ${destdir_workDir}" />
                        <sysproperty key="precompileClassDir"  value="${precompileClassDir}" />
                        <sysproperty key="precompileClassPath" value="${precompileClassPath}" />
                        <sysproperty key="precompile_javac"    value="${javac}" />
                        <sysproperty key="precompile_rmic"     value="${rmic}" />
                        <jvmarg value="-Xms32m" />
                        <jvmarg value="-Xmx180m" />
                </java>
        </target>
        <!-- precompilation test and necessary path-strings conversion ... end -->
	<!-- ============================================================================================================================================================================ -->


	<!-- ================================================================== -->
	<!-- create necessary dirs structure and copy necessary files ... start -->
        <target name="init">
        	<mkdir dir="${destdir_report}" />
		<mkdir dir="${destdir_workDir}" />
        </target>
        <!-- create necessary dirs structure and copy necessary files ... end -->
        <!-- ================================================================== -->


	<!-- =============================================================== -->
	<!-- display setting information ... start -->
	<target name="info">
        	<echo message="Inherited settings" />
                <echo message="~~~~~~~~~~~~~~~~~~" />
                <echo message="destdir             == ${destdir}" />
                <echo message="jvmdir_ref          == ${jvmdir_ref}" />
                <echo message="testsuite           == ${testsuite}" />
                <echo message="exclude             == ${exclude}" />
                <echo message="envFile             == ${envFile}" />
                <echo message="env                 == ${env}" />
 		<echo message="classpath_javatest  == ${classpath_javatest}" />
                <echo message="precompileClassDir  == ${precompileClassDir}" />
                <echo message="precompileClassPath == ${precompileClassPath}" />
                <echo message="main_javatest_class == ${main_javatest_class}" />
		<echo/>
                <echo message="Built settings" />
                <echo message="~~~~~~~~~~~~~~" />
                <echo message="java               == ${java}" />
                <echo message="javac              == ${javac}" />
                <echo message="rmic               == ${rmic}" />
                <echo message="destdir_precompile == ${destdir_precompile}" />
                <echo message="destdir_report     == ${destdir_report}" />
                <echo message="destdir_workDir    == ${destdir_workDir}" />
		<echo/>
	</target>
        <!-- display setting information ... end -->
        <!-- =============================================================== -->

</project>
